{"cameraMode":{"drawMode":0,"name":"Shaded","section":"Shading Mode"},"sceneLighting":true,"audioPlay":false,"sceneViewState":{"m_AlwaysRefresh":false,"showFog":true,"showSkybox":true,"showFlares":true,"showImageEffects":true,"showParticleSystems":true,"showVisualEffectGraphs":true,"m_FxEnabled":true},"in2DMode":false,"pivot":{"x":18.306739807128908,"y":10.239523887634278,"z":3.341717004776001},"rotation":{"x":0.017535869032144548,"y":-0.9331555962562561,"z":0.04626866430044174,"w":0.35609170794487},"size":0.8142977356910706,"orthographic":false}